Date,US T-bills,U.S. Bonds,International Bonds,U.S.Total Equities,Developed-Market Equities Ex US,Emerging-Market Equities,Hedge Funds,U.S. REITs,Global REITs,Commodities,Gold,BTC,Global Equities,Global Bonds
2002-01-31,0.001363511952629404,0.01258969535922949,-0.03393386534073561,,,,,-0.000868185728605031,,-0.05395764073064135,0.01419076701993882,,,-0.01180640858220183
2002-02-28,0.001348156675405887,0.009690989149237161,0.003887051027935629,,,,-0.007042585288693837,0.01691273471257815,,0.04367954514046546,0.05154091392136029,,,0.006721491821313208
2002-03-31,0.001453671981387128,-0.01663584152633113,0.004483368843611224,,,,0.01911117179233379,0.05581362831308456,,0.1348176732217363,0.01532760653528698,,,-0.005909440235607355
2002-04-30,0.00147413416635489,0.01939200760237969,0.03927922840476672,,,,0.002785955675237428,0.002508884098383568,,0.01107079070726491,0.02256138022561394,,,0.02959535030610372
2002-05-31,0.001552838337849138,0.008496795494270737,0.03568724642609822,,,,0.0004164985531101006,0.003456677773048256,,-0.04351191019551082,0.05970149253731361,,,0.02242967753509828
2002-06-30,0.00133311794087243,0.008646670839150827,0.05854059869628503,,,,-0.01939150422918912,0.01400580710749,,0.03417419179182302,-0.0248009797917943,,,0.03481645535762046
2002-07-31,0.001536068505236354,0.01206648019627132,0.005743466303437916,,,,-0.02860608289094368,-0.06429416346902861,,0.005781763356033975,-0.04348508634222925,,,0.008998014043138491
2002-08-31,0.001443542628422945,0.016884084627937,0.01595902552074246,,,,0.005299227888880154,-0.003329993062514358,,0.06047936201265025,0.026752010503857,,,0.0163181657024225
2002-09-30,0.001372700395459781,0.01619560881946436,0.006592769196262172,,,,-0.01544501896787309,-0.04975328311342786,,0.04566566401463046,0.03484654731457804,,,0.01105000227864195
2002-10-31,0.001449513687219017,-0.004554872983852598,-0.001804517359002111,,,,0.005903744391097643,-0.05056769625198398,,-0.04718528201972083,-0.02100710534445482,,,-0.002847687983706049
2002-11-30,0.001027325664263223,-0.0002659233040511744,0.005572298943605336,,,,0.02118358786788566,0.04296540136474314,,-0.002170694921520777,0.006784474597665069,,,0.002616201970792043
2002-12-31,0.001017317104898163,0.02065581288695251,0.05777639014957425,,,,-0.002099925279684056,-0.003517885323514158,,0.08530929837996326,0.08823068484563534,,,0.04053269559243011
2003-01-31,0.001041695091018147,0.000853725387995663,0.02006949023304383,,,,0.006519960783853085,-0.03244085915074724,,0.08991200016520251,0.05846774193548399,,-0.02855000000000008,0.01123800584063406
2003-02-28,0.0009242878935291632,0.01384549078763064,0.01232600739723799,,,,0.0002100494594401425,0.008661330059759775,,0.121226362980273,-0.05455782312925173,,-0.0204848422461269,0.01293244007759609
2003-03-31,0.0009568278402480868,-0.000779354198770843,0.005181482510239421,,,,0.001419938120482911,0.0134297957217353,,-0.1441111878969855,-0.03626421067779528,,-0.005569859702590496,0.002497239223613557
2003-04-30,0.0009868566573276727,0.008251644124581237,0.0167768048585657,,,,0.02636010525812638,0.04375854822030223,,-0.06137157456357845,0.00567418246976259,,0.08491413474240428,0.01282700919821012
2003-05-31,0.000914634230352096,0.01864500646114098,0.04916203217300263,,,,0.03575995880181382,0.05229515400902884,,0.09587686824029729,0.07319970304380097,,0.06063705435417899,0.03554490313275638
2003-06-30,0.0007977928153708458,-0.001984846131275919,-0.01756123322385406,,,,0.01345995190479843,0.01501898253606671,,0.002194615315393555,-0.04261206419479791,,0.01882720301235241,-0.010843486307059
2003-07-31,0.0007870019245035387,-0.03361925843940239,-0.02592488319069208,,,,0.01304010484244289,0.05340444949804768,,0.007121606808805359,0.0252890173410405,,0.02352729075584792,-0.02913660959872955
2003-08-31,0.0007691835402312552,0.006639226914817442,-0.009000040434475776,,,,0.0182999431894264,0.00355780907134795,,0.0408641681688624,0.05877378435517966,,0.02510018054515828,-0.002288150516706167
2003-09-30,0.0007753848052589607,0.02647064052194614,0.06452523263576282,,,,0.01162995583847914,0.02838279624676265,,-0.04083938085696281,0.03301384451544198,,0.005197817775677738,0.04806177757679397
2003-10-31,0.0008050941197632611,-0.009326290266712833,-0.002814308184135972,,0.06385117118595374,,0.02448009550294117,0.01095445506402726,,0.02190843297671496,-0.004510309278350499,,0.06102564102564112,-0.00557764150003548
2003-11-30,0.0007251123706195628,0.002395042088057187,0.02087718261778182,,0.02107312935006855,,0.01054997079410147,0.0385513303067635,,0.02558981781316239,0.03132686084142411,,0.0150233607217658,0.01302831024506079
2003-12-31,0.0007920252949822348,0.01017640852132518,0.0488639433845508,,0.07439577039274914,,0.01873994316064276,0.02431431661041406,,0.0624496953990028,0.04493535835320683,,0.058013570890044,0.03267136090255462
2004-01-31,0.0007127521160752437,0.008045302303097301,0.0007731067857903451,,0.01780316344463961,,0.0197600098595605,0.04037237275664607,,0.003918227522454742,-0.03963963963963968,,0.02002775381614974,0.003732889644426418
2004-02-29,0.0007039607561543093,0.01082414194697545,0.001207917990438956,,0.02403605408112153,,0.0118800549280218,0.01731804065065656,,0.07420400552611506,-0.009756097560975507,,0.01893591204912304,0.005152215123146897
2004-03-31,0.0008565467670715865,0.007488986784141005,0.01356895087014753,,0.007149481493971876,,0.005059919659055723,0.05135381843901321,,0.02009608942966845,0.0703549324238979,,-0.004835450346420411,0.01107652395099845
2004-04-30,0.0007759342347721798,-0.02601661565369484,-0.04396257512662372,,-0.02700530730465933,,-0.01481996948989606,-0.1427758228110123,,0.02757978496213176,-0.08307764928015104,,-0.02799332801508436,-0.03656403634352956
2004-05-31,0.0007297828890415747,-0.004005870672537215,0.01130673221095591,,0.004336155275655562,,-0.003059998107917461,0.06710265955662886,,0.04626884796401498,0.01222651222651217,,0.00540923673804361,0.004900361172327727
2004-06-30,0.0008724022063577586,0.005651578454657358,0.000991466751336656,,0.02437979714912286,,0.007519928555359545,0.02361571195997203,,-0.04699987602793498,0.006484424666242772,,0.01936848354421006,0.002922565977729219
2004-07-31,0.0009906640377148612,0.00991225499491466,-0.007152861990208148,,-0.03042263885869101,,-0.009619947996247769,0.0002456308414082731,,0.077526582403727,-0.01111672561899957,,-0.03439740836457628,-0.0002074828000888651
2004-08-31,0.001161074259051098,0.01907517410897164,0.02378144854914166,,0.004691920237356095,,0.001150026746295829,0.07209336591235593,,-0.03883005703964915,0.04049565661727139,,0.0043727382388421,0.02188726699801991
2004-09-30,0.001315413319674885,0.002713499660812468,0.01810029116962908,,0.03073277934207819,,0.01648996146227244,-0.005989841320742872,,0.1261393071505279,0.02062615101289134,,0.02221888605314515,0.01181708971834383
2004-10-31,0.001311995380385955,0.008385744234800763,0.0346371201491138,,0.03539660858846649,,0.008420075702177066,0.05033326996307252,,0.04148302143851912,0.02381811620353669,,0.02368189161404022,0.02395395738241946
2004-11-30,0.001632564747512388,-0.007976410366848485,0.04935268053834707,,0.06871088659727453,,0.02839999495783485,0.04232119350592356,,-0.04837344590360459,0.06544471859945955,,0.05627488253649449,0.02649697868844947
2004-12-31,0.001737402573400937,0.009201122169527842,0.0191778892342811,,0.04294746349540879,,0.01646991222153016,0.04595445073565019,,-0.09988567355836575,-0.03925893250992496,,0.03837011884550079,0.01532193350741928
2005-01-31,0.001644462777845579,0.006279473814842396,-0.02067101964154416,,-0.01632435085085815,,-0.002049978937029628,-0.08297068456348833,,0.06761556263647295,-0.03087695133149693,,-0.02083060824068017,-0.01052426385046523
2005-02-28,0.00182082768435099,-0.005903197428244966,0.006712514406575831,,0.04441542434558055,,0.01834005249537607,0.02413359886326849,,0.06226208401186817,0.03150538907971101,,0.03336339044183956,0.001903565899976201
2005-03-31,0.002358184869394764,-0.005136009130682795,-0.0162575251898035,,-0.02173393838070203,,-0.008659984324038361,-0.01903833379759579,,0.07559269341897923,-0.01825697554254213,,-0.02440049124167798,-0.01209813667175708
2005-04-30,0.002156328699874033,0.01353395959763892,0.01266526580920235,,-0.02513212316176472,,-0.01495004441212822,0.04691407913849788,,-0.0905086854608097,0.01918128654970763,,-0.02633583993109612,0.01308672595230909
2005-05-31,0.002242631974840092,0.01081874702668983,-0.02842105326459343,,0.002961020594561159,,0.01042997369606291,0.02951286558553678,,-0.007328360905254683,-0.04877209088822587,,0.01952912357103975,-0.01339737735940993
2005-06-30,0.002419220234676667,0.005452907811777319,-0.01081190820152689,,0.01780180074321058,,0.01591996302944465,0.04617699662057739,,0.05795195886641125,0.05465074194715891,,0.01184675966094884,-0.004484589262602756
2005-07-31,0.002516893830960987,-0.009095384516056071,-0.007340325549789251,,0.03394184284580404,,0.02297006427647941,0.06814054289657867,,0.05495308959923118,-0.01853122855181888,,0.03852115695392633,-0.008006846642818255
2005-08-31,0.002991998527341666,0.01281946865175687,0.01884045090004149,,0.0275936187139727,,0.00819999097169366,-0.04258348257804179,,0.1514346740495214,0.009906759906759932,,0.004890596716313755,0.01645913415159028
2005-09-30,0.002752589759766888,-0.0103091125478465,-0.01968736311463837,,0.04263555362381832,,0.0192799749667063,-0.0005446029844243805,,0.0001794907281862379,0.0923254472013848,,0.02711500173814119,-0.01592027546558461
2005-10-31,0.002815886169577952,-0.007913937956026462,-0.01932382241660591,,-0.03187733673775128,,-0.01407002779804012,-0.02517436791630345,,-0.1032510094708865,-0.005282620179609121,,-0.02781452878372959,-0.01488601718805838
2005-11-30,0.003347768708759302,0.004422604422604559,-0.0146739460954588,,0.02650842348888527,,0.01663006516982479,0.04153887282183399,,-0.03847789667655477,0.05289431757833229,,0.03484508022913557,-0.007097904124269361
2005-12-31,0.003027453184941908,0.009507501630789283,0.01016050813970582,,0.04666649188579819,,0.01822993534933204,-0.003588745619070299,,0.02868541540562752,0.03500453949359428,,0.02449691112606267,0.009871513683761268
2006-01-31,0.003507544594967493,5.654007075595047e-05,0.02080262816320499,,0.06538837261728814,0.1074600000000001,0.03486008862058321,0.06634755891940514,,0.04334102855449595,0.1086744639376218,,0.05259858503238912,0.01261429768436373
2006-02-28,0.003424695873488703,0.003319522182646306,-0.00789647616505007,,-0.001387141899914179,0.000650136348039787,0.00450998981195716,0.01730514147172735,,-0.1010438767789837,-0.0224175824175824,,-0.002098635886673694,-0.003546565848486449
2006-03-31,0.004085136461368322,-0.009812918598660514,-0.009979324392524247,,0.03407927109206699,0.01250699344871764,0.0195099341718461,0.04722862644526771,,0.05130406484604477,0.04676258992805749,,0.02225253644812009,-0.009913172364022338
2006-04-30,0.003604627968498253,-0.001812934433559676,0.03236329223918744,,0.04895041209416684,0.07132544294321064,0.01867005808881972,-0.03615232708188176,,0.06333438198506092,0.1065292096219932,,0.03085904920767302,0.01892888731704745
2006-05-31,0.004219471877175751,-0.001066931634930102,0.0216429137853329,,-0.03804914047577712,-0.09997753874566362,-0.01560003184917591,-0.02705870275634348,,-0.007696325811701654,0.0139751552795031,,-0.0432038834951457,0.01289798348511484
2006-06-30,0.004038784217314406,0.002119835957309801,-0.01396295966809757,,-0.001838940409305212,-0.009372487036575006,-0.002349992738626239,0.04672868435167188,,0.01162445695253034,-0.06049004594180707,,-0.002311291504594415,-0.007945169557335485
2006-07-31,0.003982316375390038,0.01352197931836874,0.007730802512177393,,0.008748233964396723,0.01238161884767908,-0.001769933767564291,0.03304198814738912,,0.02005213328161282,0.03096984515077428,,0.003729234941801218,0.009961917732213443
2006-08-31,0.00465590472313604,0.0153082931293298,0.009201487596389724,,0.02940088964582244,0.03244179830786531,0.01009991199936033,0.03669732230706058,,-0.07257489584166277,-0.01422924901185774,,0.02454402161675295,0.01155506610435975
2006-09-30,0.003937284343624725,0.008783997469955729,-0.005623958159312048,,0.00107757447781176,0.01040866972558963,0.001759992941429145,0.0156049006996517,,-0.1070643058318638,-0.03889334402566158,,0.01071428571428568,-7.468306569302641e-05
2006-10-31,0.004257095697848712,0.00661488662993448,0.01160707387690985,,0.04087113469316739,0.04808813655157773,0.01768006676653266,0.0608001915331533,,-0.02568262752095529,0.007509386733416834,,0.03805381897254678,0.009673585626780001
2006-11-30,0.004497902064161341,0.01160119905010326,0.03249755126582587,,0.03264355328994784,0.07536815840716171,0.02069996470263269,0.04451271895976827,,0.05528091821125125,0.07113871635610769,,0.02914375490966226,0.02435446899414595
2006-12-31,0.00401888644900561,-0.005803348085433924,-0.01795916809881137,,0.02988184834506757,0.04719687705766162,0.01482003326714909,-0.02194914545403859,,-0.07117884463319879,-0.02273078707283138,,0.02180495127598414,-0.01325631278528805
2007-01-31,0.00441773833616832,-0.0004103088154461254,-0.01575031906531055,,0.007288085649739706,-0.008376187375087052,0.01101918315595585,0.08352753369108945,,-0.02289875988891255,0.02927215189873422,,0.01030876494023891,-0.00982846049263253
2007-02-28,0.004053391484315272,0.01542000340773542,0.023863245039347,,0.00799594352133548,-0.0007322191524374855,0.006809537537808108,-0.02422396811354943,,0.04297011607130696,0.02106072252113766,,-0.005422191551239686,0.0205784657024024
2007-03-31,0.004490931070748605,3.050896582257323e-05,0.003839131378729821,,0.02751228572534159,0.04151023214002425,0.009552540396515985,-0.02614647824665584,,0.03234300333143958,-0.003688647997591166,,0.01895722852753123,0.002363820486605883
2007-04-30,0.004099628927596299,0.005392295195747021,0.01501415258794392,,0.04689500640204858,0.05798131600324941,0.0177495313600764,-0.002599020608745395,,-0.002750421540442027,0.02304495655459005,,0.04260804007879559,0.0113027125119447
2007-05-31,0.004319683218129811,-0.007578516158397774,-0.02052247278011354,,0.02311213432017056,0.05999341861708696,0.01993174298345757,-0.001887551872978843,,-0.01553335276562029,-0.02644017725258485,,0.02880735228942655,-0.01559266039249629
2007-06-30,0.003698733299042578,-0.002958240649437061,-0.005209141317870092,,0.000729561296333614,0.04033191693022098,0.00730474052540786,-0.09703817006187854,,0.03221133581646596,-0.01304809588833256,,-0.004715911667346862,-0.004434905576442105
2007-07-31,0.004099292637511409,0.008341383381633705,0.02788106088262698,,-0.01139218269653053,0.05782919808769504,0.0007943912062851055,-0.08190308994171236,,0.05546036688011902,0.02305918524212136,,-0.01555879538931171,0.0203081326473471
2007-08-31,0.003731690980575131,0.01225650461519745,0.01206602351355968,,-0.01662327969934163,-0.02592342276159965,-0.01532123837047761,0.05982673018215978,,-0.04186794219687873,0.00976709241172058,,-0.006432951521462393,0.01231267768155297
2007-09-30,0.00296982575700433,0.007586341580663181,0.03188358516877998,,0.05555555555555558,0.1024471474080508,0.02694306235668265,0.03731517494332093,,0.1022579688169563,0.1056547619047619,,0.05021310291822911,0.02244358097991994
2007-10-31,0.003374216508121641,0.008982884064885566,0.02070304063907513,,0.04790680555674443,0.1049068540531075,0.02847610611445694,0.01136667048098561,,0.09606988205459466,0.06258411843876188,,0.04100414698511967,0.0162992871913954
2007-11-30,0.00314954771918341,0.01798313988282141,0.01936153029434662,,-0.04185317084327111,-0.06816977309763095,-0.02199178559778348,-0.09607392042240237,,-0.03697372836730628,-0.007599746675110874,,-0.04718588896936649,0.01911052479912145
2007-12-31,0.002348109383885078,0.002808764506506689,-0.006359345978379061,,-0.02037441178476429,0.008217721788125187,0.00532929666873061,-0.05862914935162489,,0.05765294341798266,0.06413529036375243,,-0.01243097010754135,-0.002981282975092259
2008-01-31,0.002423779450928532,0.01679814720995876,0.0339373379630814,,-0.09279113075865442,-0.1224614605959636,-0.02691669817225895,-0.01251196681204103,,-0.000254476782342028,0.1073463268365817,,-0.08313146634669799,0.0277788266264356
2008-02-29,0.001853594452868368,0.001387989266216305,0.0256495372945007,,0.02216765306807589,0.0716800442180141,0.01497431831241069,-0.03922334280366802,,0.1125837307754141,0.05226103438938523,,0.002987728092051611,0.0167274975589633
2008-03-31,0.00096161008668183,0.003411853347170313,0.0309127901294739,,-0.01336311255419365,-0.05301072435656662,-0.02236930284135941,0.05624071530678054,,-0.01174144497680252,-0.03911477097272265,,-0.01767602166420479,0.02039968566454764
2008-04-30,0.0008888459871971843,-0.002089738322258894,-0.0287130621791728,,0.05318723962791738,0.07342990593347265,0.01631043496617401,0.05511696100415286,,0.07964533839551802,-0.06695232994108191,,0.05117537968021657,-0.0190876917976095
2008-05-31,0.001490666103837635,-0.007332950003904215,-0.01286323947782453,,0.0154249074324937,0.01690316389726854,0.01869767572402403,-0.0005407376667798669,,0.09103671962198101,0.01693455797933408,,0.01327961090978436,-0.0110576500107098
2008-06-30,0.001394610931993778,-0.0008009267867103986,0.001727603179796589,,-0.07980398086056317,-0.1056553429649877,-0.01329246220845737,-0.1136792571529229,,0.09230832885100737,0.05023990968106129,,-0.08545681278087569,0.0008517583537215323
2008-07-31,0.001414445285625954,-0.0008230393770666256,0.002733709330529743,,-0.03560624365727549,-0.03173852404341759,-0.02291192194048508,0.02318186335051053,,-0.1223768939393939,-0.01316850309056705,,-0.02518716715120028,0.001377323388939811
2008-08-31,0.001353852318369597,0.009490656180386914,-0.03292703256065121,,-0.03973702408274116,-0.0787657506450562,-0.01439403727715172,0.01908633479475363,,-0.07102085738640662,-0.09259259259259256,,-0.02280285035629448,-0.0165283503485788
2008-09-30,0.0007251846181099975,-0.01343162854061408,-0.02961052379165929,,-0.1478771812640894,-0.1741820134739189,-0.06127266941430298,-0.009961198974382413,,-0.1244206980660898,0.06182472989195675,,-0.1283962620861016,-0.02352781095671086
2008-10-31,0.0001813486352801874,-0.02360420876994895,-0.04419525838734828,,-0.2143250823667741,-0.2819052166253694,-0.06842069349170943,-0.324427026035937,,-0.2819866548160725,-0.1738270209157716,,-0.2044186911254339,-0.03686211424561181
2008-11-30,5.282483181945352e-05,0.03254984863105026,0.0238260224620841,,-0.05300243187628606,-0.0741585656639766,-0.02667918432228289,-0.2454421473304248,-0.17292,-0.148412962347116,0.1146082791652412,,-0.069873417721519,0.02891508629050721
2008-12-31,1.333341187814696e-05,0.0373091739192466,0.07969770115902564,,0.05647922565351937,0.07796887188440249,0.001516717290347414,0.1605895206323231,0.1025898341152003,-0.1331872518603693,0.0678330263965623,,0.03856622419496669,0.062130939937455
2009-01-31,2.552971263658499e-05,-0.008823327143937743,-0.04797413351851132,,-0.09188363795010812,-0.06175051688490696,-0.0009006193612536295,-0.1782548734000683,-0.1403177875494829,-0.08940281323522059,0.05720034492670312,,-0.08668655753568255,-0.03270117538032524
2009-02-28,0.0001534621532297553,-0.003774448923518858,-0.03476902358653333,,-0.09692529425894791,-0.05664512021938195,-0.01214330571133404,-0.2188174729636718,-0.1737566488513591,-0.06099169919190794,0.03534529635671557,,-0.09897580787568439,-0.02233985721917331
2009-03-31,7.043371625159445e-05,0.0139013671534931,0.02907100408737762,,0.06729618300305873,0.1519784055958575,0.01656734374894975,0.02491159040710644,0.03953685835584708,0.04504873693762246,-0.03728991596638653,,0.08118569328760405,0.02301374858314387
2009-04-30,7.48653717799197e-05,0.004780909334450634,0.01192909242967422,,0.1327102803738316,0.1807858687815431,0.03601574038699873,0.311857460814678,0.2181151241534989,-0.009187160383171689,-0.03627932351336605,,0.1219467983867315,0.00899548777173731
2009-05-31,9.780846850127034e-05,0.007253460946846646,0.05535004042037173,,0.1311959767405313,0.1765093115554877,0.051466163537776,0.01927306349249092,0.0620191897394633,0.1966698705263754,0.1044438154542882,,0.09669601744890532,0.03568959860002185
2009-06-30,7.572821860923895e-05,0.005687679860998163,0.002875086431328278,,-0.007543971769151669,-0.01563450294768765,0.002491389774155861,-0.03616155566906798,-0.01054987946274832,0.00569322718575016,-0.04202972834443874,,-0.005929581614613877,0.004137049056372577
2009-07-31,0.0001260860327976232,0.01612968536990311,0.02610050146855758,,0.09373556379925785,0.112967402318167,0.02499883038489426,0.1012609649122806,0.1008573981042105,0.004439537724326037,0.004815409309791407,,0.08754770108554699,0.02214469497506699
2009-08-31,9.251387094244556e-05,0.01035440078637651,0.02216899600960542,,0.04941700477403344,0.001273112167103463,0.01300293976799516,0.1379665123379963,0.1335103916361029,-0.02364303921797906,0.01757188498402562,,0.03604278803570216,0.01756576454637138
2009-09-30,4.819716832460408e-05,0.01050465741538109,0.02824647416703341,,0.04404088203727197,0.09175451306237692,0.02787257856019609,0.06665694495078389,0.06919443617970855,0.001724550898203558,0.0421245421245422,,0.04662633171116659,0.02137056776851232
2009-10-31,2.482382137203309e-05,0.004937516669810904,0.004528687629621553,,-0.01745265936941454,0.00857224110613064,-0.002029342801330491,-0.04940119760479045,-0.03115814738160261,0.05872507292812412,0.04443886517700224,,-0.01850455545083252,0.004698241383133794
2009-11-30,3.894189618902644e-05,0.01294665976178155,0.03370850947622928,,0.02383811482718845,0.0492641924915409,0.0151632222227045,0.06519972674648544,0.03765337354480258,0.01524459099326969,0.1305288461538461,,0.03815498863672717,0.02546366719867876
2009-12-31,2.737289273579968e-05,-0.01563139059304708,-0.05189769239513475,,0.01844067166778918,0.03370657111779374,0.01278173787286985,0.06390246536872524,0.04596647232842588,0.008653482526193912,-0.07505847331490534,,0.02260043782567145,-0.03762684674422179
2010-01-31,1.411774069492999e-05,0.01527584818936067,-0.003211095412529064,,-0.04520991539531594,-0.05518761064137945,-0.007611400302839688,-0.05793220726151349,-0.04384717168375785,-0.07895549380265543,-0.008275862068965467,,-0.04221190375685946,0.00413088224501923
2010-02-28,3.698103698712707e-05,0.003734325743188549,-0.001319031754191902,,-0.002412314747363697,0.003321497359835446,0.006595845027878466,0.05314276477085955,0.02778979051704744,0.05560078540299784,0.02758460825220221,,0.01155323301643252,0.0007442734571054821
2010-03-31,9.714176194886015e-05,-0.001229526473042863,-0.01205703006778025,,0.06776800143652362,0.07979157552448934,0.024939120413628,0.09519819900484805,0.07161430939737956,0.01934942382723892,0.006541845251522682,,0.06404630753431073,-0.007558171740679631
2010-04-30,0.0001264782215701921,0.01040962379925747,-0.006719818906244734,,-0.008969012063321236,0.01040702912879676,0.01190753323616467,0.06693412285465672,0.04308902867104858,0.02774996105659033,0.05714926042133572,,0.00386066508730365,0.0001609398285276065
2010-05-31,0.0001160456170807844,0.008414872798434558,-0.03222222522246754,,-0.1122562106882664,-0.08291938476270289,-0.02893819573652878,-0.05752442461892115,-0.07700183696208629,-0.1319071539927247,0.02395590417638327,,-0.09870932028086121,-0.01563117425877603
2010-06-30,5.949185897979881e-05,0.0156814383102859,0.0150473966106579,,-0.01215704764696135,-0.005586191144320796,-0.00952348883109344,-0.05751038067307412,-0.02921696574225119,0.004190362167015849,0.03022774327122146,,-0.03190560853402291,0.01531652507814996
2010-07-31,0.0001301649474882982,0.01067501602485077,0.05094657404168124,,0.09284175492459901,0.08354169537797196,0.01612765736369748,0.0947551327237326,0.1034381354080895,0.05628415300546452,-0.06028938906752412,,0.08023908107386135,0.0339799249369821
2010-08-31,0.000126282118748211,0.0128613245517748,0.01459455526552444,,-0.02979366353463342,-0.01422090861188674,-0.001287743896718485,-0.01564135757302865,-0.005908824402835577,-0.05523679631284406,0.06586826347305386,,-0.03712404562455562,0.01391746098783431
2010-09-30,9.620048616421073e-05,0.001065693694344505,0.03957363598057495,,0.1014575627798326,0.1093443761097561,0.03484254574994616,0.04217484032911933,0.06844729726624443,0.08487443064439848,0.04895666131621179,,0.09723916532905297,0.02346754916778293
2010-10-31,0.0001118883134905158,0.003560559585242817,0.01872328204221851,,0.03509295158564485,0.03247709877158589,0.02141815100571187,0.04625631628325477,0.04389593444644357,0.02558102186431732,0.03041315990818672,2.166666666666667,0.03528482401474586,0.01255733762972722
2010-11-30,0.0001092605941415137,-0.005747401982523992,-0.06012313409055514,,-0.04079694369744313,-0.02710516999066637,0.001882978111108269,-0.0226903271140757,-0.04024393593934561,0.01082725605118351,0.02728791535177288,0.1052631578947367,-0.0219019358485234,-0.03806677830647665
2010-12-31,6.968856793676537e-05,-0.0107836695820952,0.03041169162106305,,0.08495299549424273,0.06923454394080575,0.02945928435627376,0.0429787896185565,0.06282557673593225,0.09401141946620628,0.01590169859053137,0.4285714285714286,0.07445824906096488,0.01305865373004456
2011-01-31,0.0001099273195526163,0.001163853512887725,0.002310549559825681,,0.02118518062776209,-0.0376999474026174,0.00405780498299757,0.02975085013452961,0.02008994694745914,0.03052554921713813,-0.05585200996086803,0.7333333333333334,0.01347245004974851,0.001799782796252369
2011-02-28,8.259146553601937e-05,0.002501506381580088,0.008280292529909472,,0.03024491148443076,-0.0005572971090213041,0.01230938703711515,0.04345936332207589,0.04619314131840868,0.03745362463930269,0.06330067822155239,0.6538461538461537,0.02698471662067514,0.005887299458107842
2011-03-31,5.466808266030299e-05,0.0005524794793336785,0.007348602110569535,,-0.01005857756898221,0.04698382401038015,0.0006032980893617701,-0.01929494453301939,-0.005879569756805481,0.04351857107717927,0.01984408221119782,-0.09302325581395343,7.750936571504496e-05,0.004709639141238897
2011-04-30,1.850996601682198e-05,0.01269394367820986,0.0433708968744333,0.02916000000000007,0.0559729045851507,0.02426846379958425,0.01478000517313194,0.0551571280018357,0.05881345068947796,0.04411524723033122,0.06706045865184151,2.692307692307692,0.03859667252247601,0.0309953297236587
2011-05-31,1.380401037143208e-05,0.01305012133377281,-0.00976957022495728,-0.01183489447704933,-0.02877335620780952,-0.02542334748241371,-0.01199631969853621,0.009966177919872754,0.005921450875332024,-0.06889066407335365,0.0006512536633018762,2.034722222222222,-0.02512312820257689,-0.0007846218645995995
2011-06-30,9.137293179639627e-06,-0.002927729442311899,0.003182349333713974,-0.01778796043186692,-0.01471689418812294,-0.01341520971846011,-0.01175826640350197,-0.0368188377579769,-0.02314122462598089,-0.05306152899267025,-0.02017572404816137,0.8421052631578949,-0.01788630332720964,0.00075848138648138
2011-07-31,2.576499471351745e-05,0.01586802548375243,0.02383359189510625,-0.02223468049534982,-0.01474184716416738,-0.004040288488037835,0.00225311533914585,0.01328431186027923,0.001860266536549693,0.02436382257937453,0.08170043175024899,-0.1614906832298137,-0.01805616897456563,0.02064179388884879
2011-08-31,1.035298012275199e-05,0.0146099630371439,0.01187352894893134,-0.05992750952205428,-0.08723299050632916,-0.08050705872525266,-0.03214856271495847,-0.06110560877953064,-0.04959211006940201,-0.01845834374819744,0.1136014737488487,-0.3925925925925926,-0.07662186474759225,0.01271862495351939
2011-09-30,-1.607842897155543e-06,0.007274610802566972,-0.04185784886400612,-0.07763437346838753,-0.1072817690332506,-0.1444218583206524,-0.03890326831296376,-0.114086880008799,-0.1134427405613847,-0.1216870066015004,-0.1066997518610422,-0.3731707317073171,-0.1007163323782234,-0.023107205887414
2011-10-31,5.176482824609252e-06,0.001074169090212962,0.02106593242853783,0.1144213397569875,0.1007925045814775,0.1198160352001911,0.02685824859613017,0.1431465607241413,0.1204300453744112,0.09746414791355362,0.06296296296296289,-0.3677042801556419,0.1077903457065477,0.01331102860906253
2011-11-30,4.50981275745832e-06,-0.0008675452464799172,-0.02795895444817176,-0.003528402047108914,-0.04848845670437263,-0.06842089667229667,-0.01345330601474315,-0.04195607422655989,-0.03766637432934383,0.01416465137073986,0.01393728222996526,-0.08615384615384614,-0.03299010584445472,-0.01745126805476349
2011-12-31,-4.156855142989357e-06,0.01099083145297186,0.003922186665224592,0.008570456382118952,-0.01330181683351872,-0.01065589414084867,-0.004478746338090422,0.04028443345184729,0.01779791062178759,-0.02106043603719132,-0.1231386025200458,0.4309764309764308,-0.004848160375955479,0.006743342132883967
2012-01-31,1.533344191995134e-05,0.008780702795246897,0.02194337325366358,0.05027938850817093,0.06087650899525587,0.1170948140050798,0.02779167900132928,0.0633470042796005,0.06519320284158625,0.02231183345956245,0.1391247550620509,0.2894117647058825,0.06127084703209995,0.01673737583360602
2012-02-29,4.215770380233685e-05,-0.0002296494205552557,-0.001402228568612718,0.04268262078519158,0.05566747841487718,0.06307094545977843,0.02057895890547434,-0.01269348835692696,0.00876450191298539,0.06062911719360065,0.01490825688073394,-0.1131386861313869,0.048411625549172,-0.0006801488356772412
2012-03-31,4.921683845693359e-05,-0.005479237164690787,-0.008722544933786103,0.03057638801975537,-0.008535268273757834,-0.03783259873728895,-0.001776257112483082,0.04706254246244423,0.03192265037651576,-0.02350342640312619,-0.06073446327683618,0.0,0.0027668090364521,-0.007200735739322006
2012-04-30,4.929527202301998e-05,0.01108644951947446,0.01241177923235126,-0.007071660111913403,-0.01448892179154981,-0.01679281915641984,-0.005121249033659292,0.02707647109184563,0.02792473443892241,-0.005123148899972896,-0.006766917293233088,0.01851851851851838,-0.01382266273774446,0.0118003507858504
2012-05-31,5.341312616624627e-05,0.009048261106963329,-0.02328957123519249,-0.06188728949101518,-0.114320974405752,-0.1062611970625775,-0.02610565689391342,-0.04898743506949332,-0.05288239371534198,-0.1297876061483454,-0.0564723694171082,0.04646464646464632,-0.0934427120117346,-0.01026594552290894
2012-06-30,3.541235922699393e-05,0.0003920356034587957,0.007433941797077237,0.03968429075738134,0.06061891145252751,0.03831029933523755,0.002878386441617087,0.05152004428657109,0.0611837892233098,0.01201375552677408,0.02599486521181005,0.283783783783784,0.04587403367891163,0.004779875942184875
2012-07-31,5.007962599967719e-05,0.01379314151354749,0.009636872661446416,0.0099644059458468,0.01326326612212259,0.01593802427711433,0.008656345768776497,0.01761882617202915,0.03283964666057448,0.06374669020300083,0.01470128245229896,0.4060150375939848,0.01105858759490053,0.01156817243917341
2012-08-31,7.545369164008164e-05,0.0006533243319759574,0.01402489383687944,0.02467001585452033,0.02815234057905647,-0.000613191510029587,0.008228983878506346,-0.002638454176259075,0.003561273377812313,0.06363956937501292,0.01633785450061653,0.08663101604278078,0.02074183219517711,0.008634909393631096
2012-09-30,5.306014905248624e-05,0.001376526148556101,0.01943946748371106,0.02582840098802253,0.03426798109504015,0.05999599054741167,0.01309500135704811,-0.02189399244408718,-0.002317702701953417,-0.01421534021101079,0.07734303912647866,0.219488188976378,0.03050828637259539,0.01219143905718023
2012-10-31,9.333749357809396e-05,0.001966867518975901,-0.004187038250178521,-0.01791815075961334,0.006467482346953934,-0.005897287477004021,-0.003811122701606884,-0.00976679026149363,0.008247514352564655,-0.04065594578468656,-0.03209459459459463,-0.09604519774011311,-0.00700393297774915,-0.00140444848807153
2012-11-30,0.0001030638711356779,0.001577996974150286,-0.001402871674764605,0.007632952148329153,0.02010997808865667,0.009143423768289693,0.004054262662140262,-0.006667648515845781,0.0005401919335012995,0.01476501763141069,0.004072134962187279,0.1223214285714287,0.01090553958005525,-0.0001050112614419119
2012-12-31,2.75297545631048e-05,-0.001423915279747834,-0.004793964808392115,0.01220284824945606,0.03266313495874518,0.05263819382555246,0.01440702531339988,0.03246125990124593,0.02895077541800961,-0.006482554004348717,-0.03968713789107758,0.07478122513922036,0.02353477887505373,-0.003293550348027918
2013-01-31,3.694182627422826e-05,-0.006994182358394996,-0.01079142062708627,0.05512618153449811,0.04547000000000012,0.02406951122882051,0.02513368316203834,0.03498724967145073,0.03158965572629446,0.0435671916547351,0.00437405731523377,0.5107327905255368,0.04630187986681,-0.009095669342031876
2013-02-28,5.474650947556725e-05,0.005012312379538031,-0.01968872871154748,0.01306796199974203,-0.006762508728131778,-0.02090697588145829,0.001094598424664417,0.009077607447085745,0.008958322520371542,-0.0438455507644061,-0.04580267307403518,0.6354728074473299,-0.001478437366877916,-0.00947499640491567
2013-03-31,5.658975526579013e-05,0.0007986222408145061,-0.004952442926088541,0.03925828488988836,0.004738058551617685,-0.01258470998332861,0.009481319770368923,0.02455447359758667,0.02963538344410366,0.007707603058442425,0.006137865911236995,1.711204313960455,0.01596065047179263,-0.002539538304720979
2013-04-30,3.737321343288968e-05,0.01011866633372049,0.01653675335450133,0.01695233584569777,0.04201012153509964,0.01487202819819866,0.006334064796120309,0.06661515311724742,0.06395979156362275,-0.04731585264142868,-0.08086970123572657,0.4779005524861879,0.02484932318940825,0.01390975243371884
2013-05-31,1.180398725719733e-05,-0.01784198024484362,-0.03841031171413944,0.02368773938668833,-0.02068711769305065,-0.02406879267133344,0.004791557235705346,-0.06165783353033139,-0.07015434895918937,-0.01488266820404416,-0.05071477195370999,-0.04897196261682246,-0.00421788382742827,-0.02973013991111884
2013-06-30,2.101981554059051e-05,-0.01546854310071244,-0.008475833048813275,-0.01245617200185112,-0.03910168504499101,-0.06584015939783039,-0.01468377068153903,-0.02366527291862208,-0.02862351592523948,0.00234090514999119,-0.1452133381140194,-0.2375,-0.03107830085925201,-0.01183692213286525
2013-07-31,1.368636321830152e-05,0.001367190756456749,0.02036051832662555,0.05481377929927955,0.05340019354271153,0.005669968717413987,0.0129526433824747,0.008427843096451948,0.00813096890580245,0.04913069803650227,0.1027684563758389,0.002680688730797076,0.047987809447678,0.01256294720901452
2013-08-31,2.631405243458396e-05,-0.005111640220449964,-0.005051270973487232,-0.02816265060240974,-0.00987324388025912,-0.02677608827566702,-0.006961070692692028,-0.07230293025175405,-0.05656602119485343,0.03376205787781328,0.06104982883225563,0.2958354755784061,-0.02281178489702518,-0.005245199842692894
2013-09-30,1.08627999007016e-05,0.009466907662784019,0.028175819559906,0.03687432202076568,0.07108582781953476,0.06645439356885152,0.01577174291489958,0.02703965192787661,0.05245263629704944,-0.03391554013637987,-0.04893350062735258,0.008490715759403411,0.05161605073789488,0.02055773995596177
2013-10-31,0.000102396960560025,0.008084972340884233,0.0106909307009373,0.0424453926572459,0.03325837584327185,0.04935461532348695,0.01506062860739532,0.04253245487505364,0.03888502248859993,-0.01442635130951653,-0.001884658876743273,0.6235738453064756,0.03843566607130433,0.009826579451880368
2013-11-30,3.254952198128436e-05,-0.003744189106218876,-0.01135877408215102,0.02882457938766581,0.006046338323961731,-0.01937047314584917,0.008851080475901885,-0.05474118947307194,-0.04408360787685783,-0.007810864011391527,-0.0536253776435045,4.510322768246583,0.01226322373123656,-0.008185881748817958
2013-12-31,1.047063845427409e-05,-0.005651147562633074,-0.006384130352275474,0.02651198439241909,0.01441894917593989,-0.0122512245708486,0.0104929221914436,-0.002729634334492359,-0.0005386719383299043,0.01929043287393672,-0.03870710295291302,-0.3431046613896218,0.0167045479621335,-0.005970906967693534
2014-01-31,1.129417406842137e-05,0.01477538100561127,0.007958460611913853,-0.03082301035126422,-0.03826079741111077,-0.06260226619086717,-0.005375719111773813,0.04013540078102262,0.017524122485715,-0.01637850709183153,0.03860523038605224,0.0800653375999143,-0.0384164604766245,0.0105732686159723
2014-02-28,2.678464301331118e-05,0.005316944420207692,0.01984111860768301,0.04735824742268058,0.05420865543898401,0.03103832428793574,0.01965233554828871,0.04828211603979859,0.05414050407030868,0.04509009767598515,0.06035171862509991,-0.297239336052263,0.04688064283134707,0.01401138378603006
2014-03-31,3.756929753562233e-05,-0.001703272561580982,-6.35491145982714e-05,0.00520241263557697,-0.003371880805650318,0.03543714284063393,-0.002949403938512063,0.0005901803688224128,0.002434324462765591,0.001397696811583415,-0.02619675838673197,-0.1784410223845054,0.002048252517194538,-0.0006792138835703954
2014-04-30,1.686287913194029e-05,0.008438520514896464,0.0134333630407375,0.0006851866634736137,0.01328679942516953,0.002946428571428461,-0.002151932820075086,0.03141866778707869,0.03639699441319033,0.007416220543554397,-0.002515966711825079,-0.0376167471819645,0.004561494104484032,0.01131673740255068
2014-05-31,1.752955609513052e-05,0.01138531170860491,0.001781318283867517,0.02185113044865616,0.01627320836676294,0.03810758479480114,0.009229697935066783,0.02149585789545827,0.02745547348600441,-0.00175445076825842,-0.02949165696546374,0.3696539722910113,0.01749914324880053,0.005922469643035111
2014-06-30,1.431382120009594e-05,0.0005167738395230881,0.01181420049971238,0.02554744525547448,0.01554214081227423,0.03180456326342473,0.01301627643186909,0.005721012450487617,0.01690507746446701,0.02117081745045302,0.05157936825269882,0.0538343758144384,0.01970318913798552,0.007277123294450627
2014-07-31,1.768642337474091e-05,-0.002507987220447316,-0.01345748650664624,-0.01962053019201859,-0.01701609736945431,0.02073647739609696,-0.006263481108845226,-0.0007777798959147653,9.437820492652627e-05,-0.05297207070699161,-0.02262357414448668,-0.0936828601017049,-0.01608141863297619,-0.009013679359180182
2014-08-31,1.807858590519018e-05,0.0110394012672892,0.001728858053628324,0.04177342961410035,0.001054456276011972,0.02812170806552561,0.01245482994901859,0.02591183641698547,0.02374960679458948,-0.0163953921982074,0.0003890293717174753,-0.1819019032676172,0.02127481012127053,0.005482951216819743
2014-09-30,4.745108146630983e-06,-0.006789970274080459,-0.04254494282235555,-0.02112369879009213,-0.04411283565415169,-0.06415415608650243,-0.009205320884457802,-0.06496771698057058,-0.06319162478326712,-0.06023830125458784,-0.05385961501069414,-0.187658953512612,-0.03656832936149235,-0.02790585550949432
2014-10-31,1.247066077136871e-05,0.009829302911578797,-0.006831192833536281,0.02746140619150639,-0.01749772512877013,0.01755981974739251,-0.003997802023251285,0.09851871887479913,0.07513389154667571,-0.05983732902957017,-0.0429510891903,-0.1213816464791624,0.006802285909246031,0.0001387332655709006
2014-11-30,2.815723760751787e-05,0.007096230785428537,-0.01134143847488889,0.02422636802094713,0.009134088417975805,-0.004163461338545171,0.007828793838578152,0.0174094404936056,0.01593347686246482,-0.1092041149611194,0.01589005797723853,0.0974940125007302,0.01344911574711438,-0.003650779648659008
2014-12-31,1.411773880355405e-05,0.0009356639555062607,-0.01205692210554454,2.411759740494901e-05,-0.02994122897125451,-0.037648692239035,-0.002332153092829858,0.01405438109473978,0.007318433357642373,-0.1363036938482173,0.01965757767913767,-0.1554183521396636,-0.01795193312434684,-0.006885412440599481
2015-01-31,1.211771650666549e-05,0.02096748082115241,-0.01837764460795455,-0.02765618782331869,-0.002317507160836563,0.007186479655482803,-0.0004363786497800781,0.06680962625776954,0.05639734941400931,-0.074964782828992,0.04498341625207303,-0.2763108142172928,-0.0154923283181887,-0.001581709731621972
2015-02-28,7.92159803753023e-06,-0.009401438348456748,-0.007789076267658235,0.05771031369558077,0.05824626119032916,0.03135719632308209,0.01877867602911509,-0.03863602717418124,-0.01744343079670563,0.06465243381268104,-0.0366990676453085,0.1097226455348981,0.05395240256792677,-0.00809746709807524
2015-03-31,1.035299024199077e-05,0.004642060475875676,-0.02083904768232903,-0.01010681330535002,-0.01439517256120637,-0.008808387548166818,0.003694540288705417,0.01260347476738488,-7.385160750339459e-05,-0.06805438294963984,-0.02224052718286651,-0.04209989406364034,-0.01568941118562728,-0.009638848947277623
2015-04-30,1.08627982957632e-05,-0.003587526919301198,0.02168149520298357,0.004252194203276272,0.04597662799135871,0.08244001369610454,0.00951086314357985,-0.06051624851303128,-0.0300064830087724,0.1105778968906221,-0.005686604886267932,-0.03096583927254848,0.02579489102804522,0.01063492885927375
2015-05-31,6.00001670880701e-06,-0.002408892786217254,-0.03022088514937493,0.01391149482225829,-0.007711385258255654,-0.02339343504392044,0.00587729430503825,-0.005442504775231227,-0.01240265481110492,-0.01986999953569102,0.009447151027324852,-0.02028911995942184,-0.001848391290217632,-0.01787911888541172
2015-06-30,-6.274526027638672e-07,-0.01090497316414851,0.0008586050689218805,-0.01707661794557114,-0.02703484634177689,-0.02842862695462378,-0.01229703530673398,-0.04921080424183677,-0.03740111106827892,-0.001122689947775979,-0.01712271277488675,0.1259383898524464,-0.02423638102602721,-0.004379976581323164
2015-07-31,1.905899402543376e-05,0.006952830533904164,-0.001397025708588129,0.01638510015089212,0.009895265470644565,-0.07417437286188355,-0.00510477528495823,0.05556189563219438,0.04129271103556609,-0.1410209239156547,-0.06199829205806995,0.0908916733724181,0.004880083420229386,0.002240527927500402
2015-08-31,1.984332091931051e-05,-0.001438072048967176,0.00354629604600798,-0.05989613655946535,-0.06874355912518626,-0.09865326766789828,-0.02387033609749001,-0.06393521788643686,-0.05971788374348874,0.002995488904133037,0.03332119446467585,-0.1906635287505708,-0.06867424871326577,0.001163534294045698
2015-09-30,-3.333333528310334e-06,0.006763993303594562,0.004262679942934389,-0.02937897891946795,-0.04631085270636992,-0.03449844194636842,-0.01383685478577035,0.02431249350319353,0.02086419865298428,-0.06326606386545919,-0.01850220264317182,0.02855778829043887,-0.03857381615598887,0.005096483633503679
2015-10-31,7.450991885926683e-06,0.0001704166946390195,0.003211496451472895,0.07861827833499224,0.07435444063800767,0.0686676427525621,0.01729992173153727,0.05665306061084419,0.05808585559557145,0.002294495898406135,0.02544883303411116,0.3638972108527787,0.07465696272946398,0.002112020207271526
2015-11-30,4.729516668078304e-05,-0.002643590326111611,-0.02778326948490917,0.005465709181681655,-0.01493202585246256,-0.03190431089428569,0.001564948380806896,-0.006886469297231579,-0.01482659531052111,-0.08965947219416337,-0.07042500109423544,0.1657952541533891,-0.007807613501563671,-0.01655621216298742
2015-12-31,0.0001360872662807822,-0.003230415605392278,0.01238271422978499,-0.02030851051312521,-0.01528019491820387,-0.01615175884962561,-0.01152990974538193,0.01324880459893629,0.009053754532215574,-0.08629575172133952,-0.001789245691684815,0.1467544185552785,-0.01971610547138225,0.005315445556531406
2016-01-31,0.000174485066021246,0.01375818011841701,0.004980139961447527,-0.05659776851662801,-0.06958043193948604,-0.07947665982888874,-0.02595284244564222,-0.03684418898951547,-0.03171701011947847,-0.05170746539575177,0.04886792452830191,-0.1268860501712487,-0.06291023594110345,0.008665973810958905
2016-02-29,0.0001997836981066925,0.007095686744642338,0.03489236376275517,-0.0002737092698328336,-0.01321113116155392,0.001487893034758159,-0.0003338818335847371,-0.007960480197892639,0.007491815388381173,-0.02010757985170852,0.110721352761288,0.1500702377481513,-0.007383042665467632,0.0222675423745915
2016-03-31,0.0002145710012795288,0.009172118387986261,0.04092084677471997,0.07031160463013664,0.07279184592729471,0.1290712110008345,0.02078460506415514,0.09675104142773638,0.09549798912784135,0.04930468138398392,0.001700542554052831,-0.03931690903643614,0.07311607504708317,0.02702297795428099
2016-04-30,0.00014977538164751,0.003841171103504903,0.02035388140918704,0.006436606563910985,0.03084459277601348,0.006891662110278585,0.01026749606840283,-0.0275084836095989,-0.003952334372240185,0.1014011290679235,0.03932902182700082,0.09187957298788518,0.01379570800195506,0.01330120836003945
2016-05-31,0.0001811921174770248,0.0002561025213543289,-0.02383761123460026,0.01783867173415765,-0.01053089643167959,-0.03372717508055856,0.003676471482593646,0.01863690127263706,0.002453173022253452,0.02218146796822884,-0.05720841597635451,0.1463034164561134,-0.0009203462254848693,-0.0134151587689848
2016-06-30,0.0001786034479247522,0.01796776946633871,0.03813371404807797,0.0024099743903927,-0.02971237575864205,0.04409367126130137,0.004097177921565054,0.06364583617096642,0.04806288869145825,0.0008015944595134439,0.08963781866182674,0.2750987081688197,-0.00897067532296636,0.02920229654915163
2016-07-31,0.0002055495119392958,0.006322465465628424,0.008242910216006427,0.03963132038744943,0.05115490608456019,0.04890931459531056,0.01879354442058934,0.04423699349794941,0.04696381402178273,-0.0956794278096551,0.01608934317622568,-0.0500097704691328,0.0434224504249292,0.007537803705735646
2016-08-31,0.0002233571803764711,-0.001141871394896299,-0.008070808626201798,0.002630156527747562,0.0009917640463974475,0.02009732881462978,0.004274422303004011,-0.03640616712806688,-0.0306553987623619,0.01769071893412377,-0.02440387481371087,-0.09428797468354433,0.0009544818224240803,-0.004857261292473214
2016-09-30,0.0001518932971278364,-0.0005887605608926316,0.01015793235167806,0.001672882081265481,0.0139398638752477,0.008236549272806704,0.006467861229400684,-0.02325440812456658,-0.01254777663838913,0.04144628204614142,0.01012029788046598,0.05866424416065419,0.00472547731558981,0.00550599686803066
2016-10-31,0.0001857811269161402,-0.007648577796541933,-0.04350526576157288,-0.02212728180658041,-0.02149751886343565,0.01257737498012501,-0.005947323040475627,-0.06051199197386292,-0.06154979041576969,-0.01497194619549824,-0.0381852551984877,0.1587154903546262,-0.01934027924241777,-0.02775499749525556
2016-11-30,0.0002396744448802668,-0.02365192440882569,-0.0526942406679366,0.04442754848447028,-0.0173240243838898,-0.04373933995722445,0.007659596543961422,-0.02138201234311066,-0.02826031845672827,0.02534969538791176,-0.07382075471698124,0.05851859236367263,0.00933393552272177,-0.03973161275675929
2016-12-31,0.0003461355563729729,0.001408600570533824,-0.009613754703112987,0.01935655613020981,0.03101720527027374,0.001868555606516109,0.01006347660592133,0.04007751910519985,0.04208904790300139,0.04715308040858424,-0.02733214497920367,0.2808573043080482,0.02060471756408355,-0.004594242509049162
2017-01-31,0.000412826403654698,0.001963195150705532,0.01878211822512066,0.01919684493831109,0.03180684477128382,0.04545685752556006,0.01202205500467812,-0.007364638155093362,-0.001577575381876528,-0.01412892259208687,0.05838205777118399,0.01016796042058399,0.02624326694225232,0.01127385849551765
2017-02-28,0.000369476570038163,0.006721373563943978,0.002891275060136866,0.03716331044724619,0.01385566188197762,0.03454427505676305,0.008993755667551895,0.0334965666105016,0.03145410041591212,0.002323808292949314,0.03529023746701854,0.2402125425033015,0.02626385922083196,0.004726116592148388
2017-03-31,0.0005774926101760336,-0.0005266959609944166,0.003020583628689621,0.0008117210502964767,0.02570215973519496,0.01820557036108061,0.003920947561949273,-0.03263670292598053,-0.01584747528534702,-0.03914606092447981,-0.008561643835616417,-0.09894357340487969,0.009039368830036087,0.001536852626997431
2017-04-30,0.0005759221852275065,0.007718907307868061,0.01423887038417138,0.0105841162691116,0.02329278131465218,0.01660217393535679,0.005344170839893136,-0.003102957076904556,0.005896859843717461,-0.02106190040288647,0.01735148813110032,0.2617871200066995,0.01428234646968685,0.01127160985176712
2017-05-31,0.0006318771176117011,0.007694644626946578,0.02187230707200305,0.01020408163265318,0.03537722961633039,0.01271650621690235,0.001938127396057254,-0.01179626141837464,0.0005301007581219874,-0.0153628686612256,-0.0001974021872162002,0.6858771561101156,0.01696720835189525,0.015474674448821
2017-06-30,0.0007050214145025713,-0.001003291587177602,-0.0009184480063378908,0.009267072286124556,0.001945158590740181,0.008553995852608187,0.002996252104601194,0.01814950959042516,0.01097817999072825,-0.01921731316513642,-0.01891486337071557,0.09465902628931366,0.003656794590991552,-0.0008775217885755859
2017-07-31,0.0007848029332702122,0.00430413939474894,0.02682143227736034,0.01872087849763604,0.03042251401482376,0.05535675451256394,0.01068179103266731,0.008230269596939399,0.01783753164630131,0.0458477297352351,0.02036627087945253,0.1535304695304696,0.02576996792986308,0.01681296740853622
2017-08-31,0.0008737766906674604,0.008965473076487429,0.01069293567259533,0.00162699174505665,-0.0003067081452921006,0.02967816264213874,0.004920238774969832,-0.006985292869774118,-0.002301827075240959,-0.007768495399890885,0.03487041931284773,0.6424892005085374,0.001442974747942083,0.009906746650778286
2017-09-30,0.0007943395154532684,-0.00476025407550984,-0.01257058214305362,0.02460481363111477,0.02584443665264136,-0.008705500293367363,0.006463982116639233,-0.003944476536517194,-0.002568967479983253,0.03321586470456306,-0.0218410520297313,-0.1202474379875944,0.01941514418192236,-0.009007789627165752
2017-10-31,0.0008437120974407186,0.0005788683614100787,-0.007491682265791777,0.02164763321080843,0.01728926043550705,0.02596043992346786,0.01026979119175708,-0.01410741677447702,-0.0108387577847695,0.0381808209568546,-0.01009274413529715,0.5289062031765057,0.01977022325311673,-0.003783625420040848
2017-11-30,0.0009249963135216088,-0.001284540409091872,0.02122267031921687,0.03045824693426336,0.01101062563872834,0.001918561749513659,0.004574449281188775,0.02547198707952769,0.03086875586529447,0.01382074639731501,0.007912451285281286,0.2754706034543588,0.01830297645490875,0.01110534335806013
2017-12-31,0.0009669939916954196,0.004590038389411966,0.002681631029809006,0.01011474033502568,0.02031363589157764,0.0382308042529258,0.01063682671249477,-0.005692193853652605,0.01384546505988116,0.04412407914033079,0.008436181846586344,0.7264111626763377,0.01546112904633112,0.00346480419726336
2018-01-31,0.001145097215723645,-0.01151795618583151,0.03034466935196045,0.05325998047441893,0.04589839111346339,0.08374068676133617,0.02314798384937378,-0.04339499619372078,-0.01482293801818635,0.03419201567015073,0.04186676994577843,-0.2905883760377012,0.05316973415132931,0.01191691149302709
2018-02-28,0.001061868523540843,-0.00947696262606279,-0.008469561373340317,-0.03722260495605523,-0.04727735137835498,-0.04201493987948124,-0.01800017516592112,-0.07575698099741279,-0.065581424884111,-0.0333962778641117,-0.02022229656890084,0.05778880600985126,-0.04307742514481516,-0.008873253391689206
2018-03-31,0.001395084820695169,0.00641335975204993,0.01430603681232157,-0.01977102216054472,-0.01432112553287113,-0.02408835294799705,-0.005149212491496247,0.03168388700983793,0.02908585042933209,0.0222159359235754,0.00455287020525863,-0.3497345801203642,-0.02134879358854136,0.0106439216760732
2018-04-30,0.00135428436078322,-0.007438705070221374,-0.02267309732608258,0.003813636182647517,0.02261249248668329,-0.01007345047503072,0.003829193140096443,0.01127237071578802,0.01516128531029537,0.05037083705407985,-0.008044718057181655,0.3531829942604974,0.007387660516090744,-0.01601713715832531
2018-05-31,0.001515371660693932,0.00713472030697293,-0.01870200288100721,0.0280925370108378,-0.01821424710842079,-0.0309350821920743,0.008794996709779124,0.0415818573426987,0.02337995293397355,0.0144726955231429,-0.005977764240024497,-0.1870458442524832,0.0005015825795182671,-0.007585317760320787
2018-06-30,0.001471618497792537,-0.001230305195062953,-0.006983645968119623,0.00687624053123681,-0.01472612166253795,-0.04372827077380381,-0.003993870392958065,0.03517853970509877,0.02498083718147681,0.01355212330248246,-0.04205768567817048,-0.2173758470101932,-0.007917574248867743,-0.004446291536914448
2018-07-31,0.001617836122830951,0.0002384169117062296,-0.003635964402423197,0.03343111750705696,0.02030311496018999,0.02920089550029603,0.004547001044109544,0.004321248253824406,0.008488797122491176,-0.03530776008046377,-0.02359150705745927,0.3033727481676849,0.02699170558304864,-0.001669388966791918
2018-08-31,0.001735438765241959,0.006435722231050489,-0.003122049447213615,0.03447262929347428,-0.01600416190352316,-0.03446214691804694,0.00333380757847479,0.02946242438740998,0.01381428307885946,0.01077508614925682,-0.01515213563208972,-0.083859271753563,0.006888711675178572,0.001048939903838031
2018-09-30,0.001578083621222692,-0.006438975290123938,-0.01071518361826818,0.001655181422779206,0.006573958775365485,-0.01093852548676444,-0.00264907142169224,-0.03272903519226111,-0.02299551863903626,0.0392872589819544,-0.01264085824774419,-0.068605740567243,0.0004549820534858195,-0.008620281521845241
2018-10-31,0.001949540904409908,-0.007900996687639994,-0.01388065806386318,-0.07393703288869169,-0.08530415912200928,-0.07802359673768278,-0.03202003059832637,-0.02446700437928151,-0.03014677150171463,-0.05843340818474085,0.0233312276268689,-0.03945864386630704,-0.07872662961091459,-0.01117068528186937
2018-11-30,0.001909424176052665,0.005966682684606761,0.00113571657561895,0.02068865138209874,0.0002342256575318391,0.04250974947424302,-0.003696590862955929,0.04513391710613801,0.03504887563447978,-0.1128093758774844,0.002140005761553931,-0.3763677329271388,0.01312710253034943,0.003127183007305634
2018-12-31,0.001926274472765055,0.01837108395366416,0.02215929706284747,-0.0928986757604987,-0.05146470063905961,-0.02613153410760094,-0.0253872448968826,-0.0885711208057306,-0.06022264260768329,-0.07751881515494419,0.05047020656235879,-0.06518453686412007,-0.07339300537770233,0.02021794772109242
2019-01-31,0.002151504863050491,0.01062249584677044,0.01864119025029898,0.0862680285396038,0.07342576591356154,0.07914066938496434,0.03500182101273985,0.1147732309055991,0.1108057260980311,0.08988826255327376,0.03459734167318218,-0.06998568388048487,0.07986834673885523,0.01522503039681533
2019-02-28,0.001888869107173674,-0.0005801754063646802,-0.01043659218240245,0.03503560765242208,0.02325115550972257,0.01297055534849045,0.01305137447585003,0.002133608979710822,0.00115699599233321,0.03813352709829343,-0.003098431891176978,0.1128140144686629,0.0260243832058864,-0.005755986958635662
2019-03-31,0.002003752560548078,0.01920044118927611,0.007119988541854028,0.014475711721462,0.002929170624188737,0.01795110015453694,0.005852867815507645,0.02690756413647177,0.03092083736537621,0.01609192359434841,-0.01800401773869542,0.07638072546436181,0.008138369865180684,0.01251944009224504
2019-04-30,0.002088313877089965,0.0002563092418468305,-0.006101954152260891,0.03979605153760235,0.02691448524149309,0.02017377003257637,0.01325780503237883,-0.004249579066316067,-0.003933618084513757,0.02849165473527293,-0.01011270649992291,0.2797235259481501,0.03157582731805975,-0.002961017055114978
2019-05-31,0.002152958822545958,0.01775198470131034,0.01042386137953444,-0.06438607638243998,-0.04967969024991192,-0.06191096230158732,-0.01894368972195604,-0.003575827920555774,-0.002945762711864419,-0.08213451323765297,0.01033299539889265,0.6234423534757447,-0.06228344460407342,0.01354150081483829
2019-06-30,0.001722898492494407,0.01255606635645612,0.02980054110399255,0.06985627217015988,0.05894379708577469,0.05487859574247089,0.02285655969625355,0.004938463884643696,0.01972590444393818,0.04430431355494546,0.08756898614488051,0.339817813622348,0.06249098774333106,0.02217159742856789
2019-07-31,0.001935711269948071,0.002201030524333181,-0.007151517081525949,0.01451868194367822,-0.01357117873382307,-0.003423783885390552,0.004373010072586059,0.01429055744797636,0.007621702180153678,-0.002117832195133618,0.01316536550745195,-0.1199308697109974,0.001713403565915206,-0.002778756840085328
2019-08-31,0.001770199731210509,0.02591328239504898,0.01585982834278865,-0.02019036031387877,-0.02597688107226426,-0.04357081267514551,-0.007809597686866621,0.02780280192652351,0.02457489436468263,-0.0562282209691839,0.07064551154075183,-0.03993672836581863,-0.02653773201463228,0.02033476476399643
2019-09-30,0.001626356132100382,-0.005324937636874139,-0.01423753055124377,0.01715930337928162,0.02969850087733983,0.01255575902709305,-0.002036988155635355,0.02211691831204021,0.02660457425576301,0.01749143583348478,-0.02819942423449373,-0.1439075521130917,0.01903237591551998,-0.0101715810387859
2019-10-31,0.001541213272614472,0.003012156686177381,0.009586486573053499,0.02109675136222733,0.03453396122353736,0.04123462744152406,0.005898705253274628,0.01513259963153302,0.02497451900693326,0.01244666936889138,0.01726923853766915,0.1150990789840916,0.02688860435339313,0.006659063901522488
2019-11-30,0.0012954651362731,-0.0005117408616099883,-0.01355696512851989,0.03775650157112254,0.01228214066024202,0.001229201553425652,0.01051288086816871,-0.01857854989403296,-0.01148783235069339,-0.0001250579889355841,-0.03362123167543596,-0.1609546630799332,0.02340814630091437,-0.007582646220235745
2019-12-31,0.00133284710572612,-0.0006961442590556199,0.01088527605709166,0.0286593364605443,0.03723659246355671,0.06881305268402049,0.01888663267981028,-0.01566368397681162,-0.002530427223050191,0.06987942159018523,0.03739341848440225,-0.07160125234425452,0.03404918938237089,0.005831477476028857
2020-01-31,0.001363633626691119,0.0192449438202249,0.007573508524561401,-0.0006766113291460929,-0.02290687531733737,-0.04280803389350851,-0.004455369914203589,0.01047473087048423,0.008267318257513256,-0.1082492463909137,0.04584915002475665,0.3067808283286326,-0.01352625129606944,0.01276483804443163
2020-02-29,0.001227577956951054,0.01799966487640092,-0.002025800662855071,-0.0816927374460189,-0.08945190968868044,-0.04982260561053242,-0.02280086079880084,-0.08476696042516496,-0.08453604428240213,-0.08389239966875706,0.01619113748264089,-0.07706945155645162,-0.08279585304094395,0.006725940780690776
2020-03-31,0.0002916059535498228,-0.005886582576755006,-0.03217103700605106,-0.1378197886504986,-0.1437121367321257,-0.1661320508655285,-0.09078371981377564,-0.2408045304956483,-0.2433246329306868,-0.2942536910938633,-0.000559058297356807,-0.2492644810363521,-0.1450671944994272,-0.02240649583659193
2020-04-30,7.75322519486199e-05,0.01777739047079563,0.02043722048536711,0.1326240899651128,0.07629406839038255,0.09634474924683523,0.04521600278549087,0.08086484678586991,0.0757276620777867,-0.09671541272652939,0.0582988905808135,0.3618355378569653,0.1083490728893763,0.01963337952952049
2020-05-31,7.259074147802913e-05,0.004653552240083902,0.002978847251228656,0.0538599023174009,0.04568008065860596,0.01058622139467835,0.02378369588456075,-0.003920913984186147,0.002813050233039904,0.1637310835468808,0.01524005285567465,0.07690651850777641,0.04430681276798465,0.004387015833102303
2020-06-30,0.0001068289741803508,0.006302413581509736,0.01013085506300082,0.02287797064594232,0.03420970717523164,0.07501126778700673,0.02018343827641389,0.0270353126801095,0.02692787559800691,0.05090703987206702,0.02279169317984597,-0.0376933904799176,0.02965328467153294,0.00888428355649351
2020-07-31,9.169029173938803e-05,0.01493535915579436,0.04443789649192875,0.05647264460663082,0.03059688892477785,0.08972208912314317,0.02970629246478795,0.03285082604663758,0.03383325555573458,0.03796606473264319,0.1113059216107688,0.2403540360923528,0.05052656692000945,0.03189341041835836
2020-08-31,6.341367891682381e-05,-0.008073331720057864,0.002858367394283245,0.07180537949955723,0.053001973060951,0.02264905590177668,0.02365906825570852,0.004038364462392696,0.01572094543586688,0.04585097790207437,-0.003842434729502853,0.02934786345050933,0.0588512011938942,-0.001524628544209761
2020-09-30,7.11396693007238e-05,-0.0005468089491592609,-0.005784933921896718,-0.03561293625514794,-0.02364846582607283,-0.02089474489310772,-0.009291671055597472,-0.03639482804278493,-0.03189386335251432,-0.03639340456733942,-0.03599254093544835,-0.08319918483379851,-0.03298353121409414,-0.003596912932161911
2020-10-31,7.023764783675723e-05,-0.004465243905005245,0.00460514640638876,-0.02147733041785749,-0.03704550493293413,0.02246806713818228,0.001668575573434472,-0.02669311284232678,-0.03109653062758955,-0.03574683954806834,-0.00267634744819556,0.2935616585488865,-0.02262285732391234,0.0009564527470935502
2020-11-30,6.302149755699205e-05,0.009811796137846995,0.0238244267991925,0.1220754998149278,0.1534869665944787,0.08419300752438597,0.05860202298182848,0.1195749138615401,0.1308941794403669,0.1204054815318405,-0.06339506336849376,0.3991675150359926,0.1255713683664537,0.01818220097489331
2020-12-31,6.274697926111905e-05,0.001377300908851131,0.02173693411553201,0.04461294504006852,0.05402252965906107,0.06024004601326305,0.04590519632620338,0.02785504121054849,0.0395720998096698,0.05970731686398811,0.07094834189101018,0.4963033984377618,0.04809838567992974,0.01343249417125958
2021-01-31,5.560931194703578e-05,-0.007169672494377166,-0.01025213420388926,-0.003198583120538667,-0.008586662563689784,0.03027505137453823,0.012228770805645,-0.004292074419663061,-0.002584733397256844,0.04944118606645054,-0.01260860351769444,0.1243256031463347,-0.003503661669941316,-0.008807009668792554
2021-02-28,2.094138403840873e-05,-0.01443868506486667,-0.01939096664216111,0.03184484450948921,0.02415657904161606,0.0151686862522884,0.03666846333243257,0.05120192565238968,0.0408394287704632,0.1058240765643965,-0.06489430196373003,0.387929178197407,0.02552188180790327,-0.01721310779774887
2021-03-31,1.447068574589316e-05,-0.01248835758658107,-0.0241740524040176,0.03474084350357898,0.02485735433823488,-0.0138222413052812,0.007700111717374947,0.03866877756110165,0.03455534175520802,-0.02154036328196018,-0.02972143328456267,0.3030385270233715,0.02406657972222592,-0.01923670517682341
2021-04-30,6.274528353333864e-06,0.0079001449369418,0.01617802343664887,0.05140593996181253,0.03285298332612996,0.02865193781979158,0.02206070111208414,0.08054872304793803,0.0712208597093329,0.08230593647987905,0.04529730049377623,-0.03639336365887491,0.0419735581025904,0.01263296128527047
2021-05-31,1.843138745849515e-06,0.003266641197453568,0.01357999154272371,0.004284945750984592,0.03307987512457267,0.02545314177166325,0.01340067611620044,0.006317465506698872,0.01345234608311752,0.02521696002831764,0.07484513336916243,-0.3541978060507153,0.01339398215815724,0.009391623831851437
2021-06-30,1.905899067167205e-05,0.007025440480570966,-0.02017016072615962,0.02553142350100468,-0.009518784409659475,0.002770403243914421,0.005423623334268601,0.01577121955474814,0.01267787762496142,0.04292931523303989,-0.07200189478670493,-0.05739544611755121,0.01003394382483491,-0.008822223293374787
2021-07-31,3.678495923686853e-05,0.01118267874441292,0.01506133660823128,0.01712165986561942,0.00457375311418784,-0.06106038204311726,-0.009095291030155384,0.04822555999099754,0.0418825523200903,0.01574259380943732,0.03550463658792502,0.2011051033685123,0.004259300292980717,0.01331007186462507
2021-08-31,2.890235895991466e-05,-0.001903393334341863,-0.006132094537295685,0.02869907171156849,0.01595132115290876,0.03149680858525628,0.007628112825383893,0.01587709658190395,0.01618970162151179,-0.02301749088278304,-0.005970149253731405,0.1316389272854115,0.02304486393723959,-0.004158525799045965
2021-09-30,3.760851735945536e-05,-0.008659484809065976,-0.02453591753761675,-0.0448338462816652,-0.03060035535216243,-0.03267022755940585,-0.002390575098710213,-0.06145905464293955,-0.05680747651085039,0.0603331402861107,-0.03970025070942496,-0.07599003840366847,-0.04152887610831535,-0.01776911493238931
2021-10-31,3.388288950278984e-05,-0.0002760249016927618,-0.003903031821498648,0.06722442008777052,0.02546405825950271,0.01109970756945233,0.01320317401254623,0.07687361662157888,0.06325481357080753,0.05797060094260487,0.01511934817534999,0.4038007337172669,0.04804110308273124,-0.002417025741249579
2021-11-30,5.058944854496872e-05,0.002960653467617425,-0.007181393262387203,-0.01483165207436032,-0.04865048342871081,-0.03243994855216037,-0.02001811541487142,-0.008516012580035315,-0.01553173683889664,-0.1082359279254731,0.01992482265494733,-0.06293150187992069,-0.02828106921764861,-0.002924999686760632
2021-12-31,2.533363356782559e-05,-0.002558043012392042,-0.0007467322898176976,0.03820170902955411,0.05113281598430119,0.01763323728703958,0.01151497676829716,0.08131254544344468,0.07441122079325813,0.07591807170238285,0.0008035912214585661,-0.1891017064275384,0.03970981759261538,-0.001396174960753727
2022-01-31,3.219657145914212e-05,-0.02154436678923533,-0.0195643915155298,-0.06029057879030197,-0.0496690497910347,-0.01013606546959178,-0.02047520216188037,-0.06926942444012141,-0.06335782868969497,0.116336892363426,-0.00586981199988923,-0.1704120007812897,-0.05155783284730986,-0.02049352906109492
2022-02-28,2.113746437992781e-05,-0.01115691720187473,-0.01107025809052453,-0.02543112105110479,-0.01371781921276005,-0.02700668747213542,-0.001278308411454154,-0.03454313824976285,-0.02442374014393567,0.08773832303103535,0.06383512045676087,0.08369695071315153,-0.02388776856623598,-0.01188574908540563
2022-03-31,0.0001407545506995067,-0.02778350719053491,-0.03204461183250373,0.03253688312296288,0.01071155750459751,-0.01796901060472211,0.01225718001511811,0.05898246606173285,0.0554518634475285,0.09633333442159064,0.0169123229573005,0.09873035558541998,0.01818529618057774,-0.03045272936041077
2022-04-30,0.0002150807283285427,-0.03794834294793681,-0.06828780203785823,-0.09017346937015502,-0.06523978546395104,-0.05435963284944811,-0.01380639868426703,-0.04600401324803371,-0.04925433949963332,0.05119661537187081,-0.01588445794609072,-0.1624049163184945,-0.08054758833180942,-0.05478821169283532
2022-05-31,0.0004535097341973326,0.006446739329332818,5.240312174858985e-05,-0.002601253910005541,0.007019435210972258,0.0001855228982623469,-0.005374345884055165,-0.06397523429879992,-0.04816313236075642,0.05069725889140608,-0.03798461779940354,-0.1707700855882529,-0.001484811333605784,0.002729484188896292
2022-06-30,0.0008489709015238045,-0.01568728001678288,-0.04497706617913544,-0.0836809586067292,-0.09949624413424762,-0.05269056968644548,-0.02852241237942088,-0.07969832611466521,-0.08285981011043375,-0.07643201413385992,-0.0118018165007886,-0.410748238029865,-0.08714751504072249,-0.03208772068385435
2022-07-31,0.001410513373793387,0.02443402481765644,0.01919806399902546,0.09397743951170212,0.05165513050829551,-0.00529091712007479,0.01274700709700194,0.08935047374622163,0.08362980588275715,-0.0004227687932405466,-0.03500275178866263,0.2709891998953622,0.06891037616008844,0.02125889559951188
2022-08-31,0.001965688658414733,-0.02825255780193148,-0.04990757987332972,-0.03728395041663923,-0.04493528188960549,0.01208306109798785,0.004519976944236337,-0.06277943143611175,-0.06173264590487748,-0.02678561946291758,-0.0213870195049618,-0.1516599124301474,-0.03703651921033502,-0.03946134117800382
2022-09-30,0.002124425270222385,-0.0432089367613756,-0.05867669718706603,-0.09268693175711373,-0.09983297605113295,-0.1038489710282269,-0.02413071563539848,-0.1263123380672869,-0.123038789634637,-0.07801228632740953,-0.02572993764205378,-0.03820134705374689,-0.09809074410163332,-0.05137971843152767
2022-10-31,0.00257330373147191,-0.0129533678756476,-0.001421334442115674,0.08165758788166722,0.05410834818689181,-0.03820294245315259,0.01391664072482146,0.04503811738388164,0.0390231547418034,0.06704914011529839,-0.01959024973829815,0.05047739706246479,0.05991725559007688,-0.006877352051822605
2022-11-30,0.003201272605031225,0.03677563337212408,0.05576109262870754,0.05231965752863066,0.1075683130167222,0.1348082638358756,0.01206506826564535,0.05595828653712775,0.06355565447486189,-0.01705461653456464,0.06985967053081144,-0.1617766835280016,0.07490773226409075,0.04706095104000951
2022-12-31,0.003214017742299458,-0.004509210353691229,0.01308566032971092,-0.05866147652996068,-0.004029508012088567,-0.008419395918919936,-0.002858348179776593,-0.05753399993998543,-0.03269567412613883,-0.01379871847279746,0.03435985172512113,-0.03303224297699436,-0.03884249643225524,0.00540768692414817
2023-01-31,0.003752074631274471,0.02694840218086325,0.03557071924257471,0.05211864210565298,0.07504224856606179,0.0676155976259658,0.0,0.04637193061898803,0.07745376125491932,-0.01119812115516916,0.06084079944865595,0.3849233652770638,0.05987592614371406,0.03154030183317347
